<?xml version="1.0" encoding="UTF-8"?>
<Dungeon name="testDrawing" width="80" topHeight="2" gameHeight="34" bottomHeight="4">
    <Rooms>
        <Room room="1">
            <visible>1</visible>
            <posX>0</posX>
            <posY>0</posY>
            <width>6</width>
            <height>5</height>
            <Monster name="Troll" room="1" serial="1">
                <visible>1</visible>
                <posX>2</posX>
                <posY>2</posY>
                <type>T</type>
                <hp>7</hp>
                <maxhit>5</maxhit>
                <CreatureAction name="Remove" type ="death">
                </CreatureAction>
                <CreatureAction name="YouWin" type = "death">
                    <actionMessage>You have defeated the Troll!</actionMessage>
                    <actionIntValue>5</actionIntValue>
                </CreatureAction>
                <CreatureAction name="Teleport" type="hit">
                    <actionMessage>A creature has teleported somewhere else in the dungeon!</actionMessage>
                </CreatureAction>
            </Monster>
        </Room>
        <Room room="2">
            <visible>1</visible>
            <posX>12</posX>
            <posY>0</posY>
            <width>7</width>
            <height>4</height>
            <Monster name="Snake" room="2" serial="3">
                <visible>1</visible>
                <posX>2</posX>
                <posY>1</posY>
                <type>S</type>
                <hp>3</hp>
                <maxhit>1</maxhit>
                <CreatureAction name="Remove" type="death">
                </CreatureAction>
                <CreatureAction name="YouWin" type="death">
                    <actionMessage>You have defeated the Snake!</actionMessage>
                    <actionIntValue>1</actionIntValue>
                </CreatureAction>
            </Monster>
            <Monster name="Troll" room="2" serial="4">
                <visible>1</visible>
                <posX>4</posX>
                <posY>1</posY>
                <type>T</type>
                <hp>7</hp>
                <maxhit>5</maxhit>
                <CreatureAction name="Remove" type="death">
                </CreatureAction>
                <CreatureAction name="YouWin" type="death">
                    <actionMessage>You have defeated the Troll!</actionMessage>
                    <actionIntValue>5</actionIntValue>
                </CreatureAction>
            </Monster>
        </Room>
        <Room room="3">
            <visible>1</visible>
            <posX>17</posX>
            <posY>13</posY>
            <width>10</width>
            <height>7</height>
            <Monster name="Hobgoblin" room="3" serial="5">
                <posX>2</posX>
                <posY>3</posY>
                <type>H</type>
                <hp>10</hp>
                <maxhit>3</maxhit>
                <CreatureAction name="Remove" type="death">
                </CreatureAction>
                <CreatureAction name="YouWin" type="death">
                    <actionMessage>You have defeated the Hobgoblin!</actionMessage>
                    <actionIntValue>5</actionIntValue>
                </CreatureAction>
            </Monster>
            <Monster name="Snake" room="3" serial="6">
                <visible>1</visible>
                <posX>5</posX>
                <posY>2</posY>
                <type>S</type>
                <hp>3</hp>
                <maxhit>1</maxhit>
                <CreatureAction name="Remove" type="death">
                </CreatureAction>
                <CreatureAction name="YouWin" type="death">
                    <actionMessage>You have defeated the Snake!</actionMessage>
                    <actionIntValue>1</actionIntValue>
                </CreatureAction>
            </Monster>
            <Monster name="Troll" room="3" serial="7">
                <visible>1</visible>
                <posX>5</posX>
                <posY>5</posY>
                <type>T</type>
                <hp>7</hp>
                <maxhit>5</maxhit>
                <CreatureAction name="Remove" type="death">
                </CreatureAction>
                <CreatureAction name="YouWin" type="death">
                    <actionMessage>You have defeated the Troll!</actionMessage>
                    <actionIntValue>5</actionIntValue>
                </CreatureAction>
            </Monster>
            <Player name="Player" room="3" serial="8">
                <visible>1</visible>
                <posX>7</posX>
                <posY>3</posY>
                <hp>20</hp>
                <hpMoves>5</hpMoves>
                <maxhit>6</maxhit>
                <CreatureAction name="Remove" type="death">
                </CreatureAction>
                <CreatureAction name="YouWin" type="death">
                    <actionMessage>You have killed me!  The game is over!</actionMessage>
                    <actionIntValue>5</actionIntValue>
                </CreatureAction>
            </Player>
        </Room>
        <Room room="4">
            <visible>1</visible>
            <posX>29</posX>
            <posY>15</posY>
            <width>3</width>
            <height>3</height>
        </Room>
    </Rooms>
    <Passages>
        <Passage room1="1" room2="3">
            <visible>1</visible>
            <posX>3</posX>
            <posY>4</posY>
            <posX>3</posX>
            <posY>16</posY>
            <posX>17</posX>
            <posY>16</posY>
        </Passage>
        <Passage room1="1" room2="2">
            <visible>1</visible>
            <posX>5</posX>
            <posY>2</posY>
            <posX>9</posX>
            <posY>2</posY>
            <posX>9</posX>
            <posY>5</posY>
            <posX>15</posX>
            <posY>5</posY>
            <posX>15</posX>
            <posY>3</posY>
        </Passage>
        <Passage room1="2" room2="3">
            <visible>1</visible>
            <posX>18</posX>
            <posY>2</posY>
            <posX>22</posX>
            <posY>2</posY>
            <posX>22</posX>
            <posY>13</posY>
        </Passage>
        <Passage room1="3" room2="4">
            <visible>1</visible>
            <posX>26</posX>
            <posY>16</posY>
            <posX>29</posX>
            <posY>16</posY>
        </Passage>
    </Passages>
</Dungeon>
